Alternative,Final Score
Porsche,0.700761375772285
Toyota,0.17256890088668037
BMW,0.1266697233410347
